id,bai_id,mat_truoc,mat_sau,nguon
ch1-b1/card/1,ch1-b1,Khái niệm theo Đại hội XI,"Khái niệm nêu ba điều: nội dung cơ bản, cơ sở hình thành và ý nghĩa của tư tưởng Hồ Chí Minh.","(Giáo trình 2021, tr.12-13)"
ch1-b1/card/2,ch1-b1,Quá trình nhận thức của Đảng (1),"Từ Đại hội II (1951) Đảng đã coi đường lối, tác phong và đạo đức Hồ Chủ tịch là của Đảng.","(Giáo trình 2021, tr.14-15)"
ch1-b1/card/3,ch1-b1,Quá trình nhận thức của Đảng (2),"Đại hội VII (1991): chủ nghĩa Mác - Lênin và tư tưởng Hồ Chí Minh là nền tảng tư tưởng, kim chỉ nam cho hành động.","(Giáo trình 2021, tr.16-19)"
ch1-b2/card/1,ch1-b2,Đối tượng nghiên cứu của môn học,Đối tượng nghiên cứu: toàn bộ quan điểm của Hồ Chí Minh thể hiện trong di sản của Người.,"(Giáo trình 2021, tr.19-20)"
ch1-b2/card/2,ch1-b2,Quá trình hiện thực hóa,Đối tượng nghiên cứu gồm hai phần: hệ thống quan điểm trong di sản và quá trình hiện thực hóa hệ thống quan điểm ấy.,"(Giáo trình 2021, tr.20)"
ch1-b3/card/1,ch1-b3,Cơ sở phương pháp luận,Năm nguyên tắc: tính đảng và tính khoa học; lý luận và thực tiễn; lịch sử - cụ thể; toàn diện và hệ thống; kế thừa và phát triển.,"(Giáo trình 2021, tr.20-21)"
ch1-b3/card/2,ch1-b3,Thống nhất lý luận và thực tiễn,"Lý luận và thực tiễn thống nhất biện chứng: không khinh lý luận, cũng không lý luận suông.","(Giáo trình 2021, tr.21-23)"
ch1-b3/card/3,ch1-b3,"Lịch sử - cụ thể, toàn diện - hệ thống, kế thừa - phát triển","Hạt nhân cốt lõi của hệ thống tư tưởng: độc lập, tự do, dân chủ và chủ nghĩa xã hội.","(Giáo trình 2021, tr.23-25)"
ch1-b3/card/4,ch1-b3,Một số phương pháp cụ thể,Kết hợp phương pháp lôgíc với phương pháp lịch sử; phân tích văn bản gắn với hoạt động thực tiễn của Người.,"(Giáo trình 2021, tr.25-28)"
ch1-b4/card/1,ch1-b4,Nâng cao năng lực tư duy lý luận,Ý nghĩa thứ nhất: nâng cao năng lực tư duy lý luận.,"(Giáo trình 2021, tr.28-29)"
ch1-b4/card/2,ch1-b4,Đạo đức cách mạng và phong cách công tác,Ba ý nghĩa: tư duy lý luận; đạo đức cách mạng và niềm tin; phương pháp và phong cách công tác.,"(Giáo trình 2021, tr.28-31)"
ch2-b1/card/1,ch2-b1,Cơ sở thực tiễn: Việt Nam cuối thế kỷ XIX - đầu thế kỷ XX,Cuối thế kỷ XIX - đầu thế kỷ XX: khủng hoảng về đường lối cứu nước; câu hỏi đặt ra là cứu nước bằng con đường nào để đi đến thắng lợi.,"(Giáo trình 2021, tr.33-36)"
ch2-b1/card/2,ch2-b1,Cơ sở thực tiễn: giai cấp công nhân và thế giới,Cách mạng Tháng Mười Nga (1917) và Quốc tế Cộng sản (2/3/1919) ảnh hưởng sâu sắc tới Hồ Chí Minh trên hành trình tìm đường cứu nước.,"(Giáo trình 2021, tr.35-38)"
ch2-b1/card/3,ch2-b1,Cơ sở lý luận: giá trị truyền thống của dân tộc,Chủ nghĩa yêu nước là giá trị xuyên suốt trong truyền thống dân tộc và là động lực để Hồ Chí Minh ra đi tìm đường cứu nước.,"(Giáo trình 2021, tr.38-40)"
ch2-b1/card/4,ch2-b1,Cơ sở lý luận: tinh hoa văn hóa phương Đông,"Ba học thuyết lớn phương Đông: Nho giáo, Phật giáo, Lão giáo.","(Giáo trình 2021, tr.40-43)"
ch2-b1/card/5,ch2-b1,Cơ sở lý luận: tinh hoa văn hóa phương Tây,"Hồ Chí Minh kế thừa tinh hoa văn hóa phương Tây: tự do - bình đẳng - bác ái, nhân quyền, dân quyền, tư tưởng khai sáng.","(Giáo trình 2021, tr.43-44)"
ch2-b1/card/6,ch2-b1,Cơ sở lý luận: chủ nghĩa Mác - Lênin,"Chủ nghĩa Mác - Lênin là tiền đề lý luận quan trọng nhất, quyết định việc hình thành tư tưởng Hồ Chí Minh.","(Giáo trình 2021, tr.44-47)"
ch2-b1/card/7,ch2-b1,Nhân tố chủ quan Hồ Chí Minh,"Cơ sở hình thành gồm: cơ sở thực tiễn, cơ sở lý luận và nhân tố chủ quan.","(Giáo trình 2021, tr.47-49)"
ch2-b2/card/1,ch2-b2,Thời kỳ trước năm 1911,"Ngày 5/6/1911, Hồ Chí Minh ra đi tìm đường cứu nước.","(Giáo trình 2021, tr.50-52)"
ch2-b2/card/2,ch2-b2,Thời kỳ 1911 - 1920,Đại hội Tua (12/1920): Hồ Chí Minh trở thành người cộng sản Việt Nam đầu tiên.,"(Giáo trình 2021, tr.52-54)"
ch2-b2/card/3,ch2-b2,Thời kỳ 1920 - 1930,"Đầu năm 1930: Hội nghị hợp nhất, Cương lĩnh chính trị đầu tiên của Đảng, chấm dứt khủng hoảng về đường lối cứu nước.","(Giáo trình 2021, tr.54-57)"
ch2-b2/card/4,ch2-b2,Thời kỳ 1930 - 1941,Hội nghị Trung ương tháng 5/1941 ở Pác Bó đặt nhiệm vụ giải phóng dân tộc lên hàng đầu.,"(Giáo trình 2021, tr.57-61)"
ch2-b2/card/5,ch2-b2,Thời kỳ 1941 - 1969,"Ngày 2/9/1945 Hồ Chí Minh đọc Tuyên ngôn độc lập; ngày 17/7/1966: ""Không có gì quý hơn độc lập, tự do"".","(Giáo trình 2021, tr.59-64)"
ch2-b3/card/1,ch2-b3,Giá trị đối với cách mạng Việt Nam,Tư tưởng Hồ Chí Minh là nền tảng tư tưởng và kim chỉ nam cho cách mạng Việt Nam.,"(Giáo trình 2021, tr.65-67)"
ch2-b3/card/2,ch2-b3,Giá trị đối với sự phát triển tiến bộ của nhân loại,Cống hiến lý luận lớn đầu tiên của Hồ Chí Minh là về cách mạng giải phóng dân tộc.,"(Giáo trình 2021, tr.66-70)"
ch2-b3/card/3,ch2-b3,Đánh giá của Đảng và yêu cầu học tập,"Đại hội XII (tổng kết 86 năm hoạt động) tôn vinh Hồ Chí Minh là Anh hùng giải phóng dân tộc, Danh nhân văn hóa thế giới.","(Giáo trình 2021, tr.71)"
ch3-b1/card/1,ch3-b1,"Độc lập, tự do là quyền thiêng liêng của các dân tộc","Độc lập, tự do là quyền thiêng liêng, bất khả xâm phạm của tất cả các dân tộc.","(Giáo trình 2021, tr.74-76)"
ch3-b1/card/2,ch3-b1,"Chân lý ""Không có gì quý hơn độc lập, tự do""","""Không có gì quý hơn độc lập, tự do"" là chân lý thời đại do Hồ Chí Minh nêu lên.","(Giáo trình 2021, tr.75-76)"
ch3-b1/card/3,ch3-b1,"Độc lập gắn với tự do, hạnh phúc; độc lập thật sự, hoàn toàn","Độc lập dân tộc phải gắn với tự do, hạnh phúc của nhân dân và phải là độc lập thật sự, hoàn toàn, triệt để.","(Giáo trình 2021, tr.76-79)"
ch3-b1/card/4,ch3-b1,Độc lập gắn với thống nhất và toàn vẹn lãnh thổ,"Độc lập dân tộc gắn liền với thống nhất Tổ quốc, toàn vẹn lãnh thổ là tư tưởng xuyên suốt của Hồ Chí Minh.","(Giáo trình 2021, tr.79-80)"
ch3-b1/card/5,ch3-b1,Con đường cách mạng vô sản,Ở Việt Nam và các nước thuộc địa: giải phóng dân tộc - giải phóng xã hội - giải phóng giai cấp - giải phóng con người.,"(Giáo trình 2021, tr.80-83)"
ch3-b1/card/6,ch3-b1,Đảng lãnh đạo và lực lượng đại đoàn kết toàn dân,"Cách mạng giải phóng dân tộc phải do Đảng Cộng sản lãnh đạo và dựa trên đại đoàn kết toàn dân, lấy liên minh công - nông làm nền tảng.","(Giáo trình 2021, tr.83-86)"
ch3-b1/card/7,ch3-b1,"Cách mạng thuộc địa chủ động, sáng tạo","Cách mạng giải phóng dân tộc cần chủ động, sáng tạo, có khả năng giành thắng lợi trước cách mạng vô sản ở chính quốc.","(Giáo trình 2021, tr.87-90)"
ch3-b1/card/8,ch3-b1,Bạo lực cách mạng,"Bạo lực cách mạng là bạo lực của quần chúng, kết hợp đấu tranh chính trị với đấu tranh vũ trang.","(Giáo trình 2021, tr.90-92)"
ch3-b2/card/1,ch3-b2,Quan niệm về chủ nghĩa xã hội,Chủ nghĩa xã hội là giai đoạn đầu (giai đoạn thấp) của xã hội cộng sản chủ nghĩa.,"(Giáo trình 2021, tr.92-94)"
ch3-b2/card/2,ch3-b2,Tiến lên chủ nghĩa xã hội là tất yếu khách quan,Có nước đi thẳng lên chủ nghĩa xã hội; có nước phải kinh qua chế độ dân chủ mới như Việt Nam.,"(Giáo trình 2021, tr.94-97)"
ch3-b2/card/3,ch3-b2,Một số đặc trưng cơ bản của xã hội xã hội chủ nghĩa,"Bốn đặc trưng: chính trị do nhân dân làm chủ; kinh tế phát triển cao; văn hóa, đạo đức, quan hệ xã hội công bằng; chủ thể là nhân dân dưới sự lãnh đạo của Đảng.","(Giáo trình 2021, tr.97-100)"
ch3-b2/card/4,ch3-b2,Mục tiêu của chủ nghĩa xã hội ở Việt Nam,"Mục tiêu: chế độ dân chủ; kinh tế phát triển cao; văn hóa dân tộc, khoa học, đại chúng; quan hệ xã hội dân chủ, công bằng, văn minh.","(Giáo trình 2021, tr.101-104)"
ch3-b2/card/5,ch3-b2,Động lực của chủ nghĩa xã hội,"Ba động lực hàng đầu: lợi ích của dân, dân chủ của dân, sức mạnh đoàn kết toàn dân.","(Giáo trình 2021, tr.104-108)"
ch3-b2/card/6,ch3-b2,Thời kỳ quá độ lên chủ nghĩa xã hội,"Bốn nguyên tắc: nền tảng Mác - Lênin; giữ vững độc lập dân tộc; đoàn kết, học tập kinh nghiệm anh em; xây đi đôi với chống.","(Giáo trình 2021, tr.108-114)"
ch3-b3/card/1,ch3-b3,Độc lập dân tộc và chủ nghĩa xã hội gắn bó với nhau,Độc lập dân tộc là tiền đề của chủ nghĩa xã hội; chủ nghĩa xã hội là điều kiện bảo đảm độc lập dân tộc vững chắc.,"(Giáo trình 2021, tr.112-117)"
ch3-b3/card/2,ch3-b3,Ba điều kiện bảo đảm độc lập dân tộc gắn liền với chủ nghĩa xã hội,Ba điều kiện: Đảng lãnh đạo; đại đoàn kết dân tộc trên nền tảng liên minh công - nông; đoàn kết với cách mạng thế giới.,"(Giáo trình 2021, tr.117-118)"
ch3-b4/card/1,ch3-b4,"Kiên định mục tiêu, phát huy dân chủ và củng cố hệ thống chính trị","Phương châm: ""dân biết, dân bàn, dân làm, dân kiểm tra"".","(Giáo trình 2021, tr.118-121)"
ch3-b4/card/2,ch3-b4,"Đấu tranh chống suy thoái, ""tự diễn biến"", ""tự chuyển hóa""",Xây dựng Đảng là nhiệm vụ then chốt trong sự nghiệp đổi mới.,"(Giáo trình 2021, tr.121-122)"
ch4-b1/card/1,ch4-b1,Tính tất yếu và vai trò lãnh đạo của Đảng,"Đảng có vững, cách mệnh mới thành công, cũng như người cầm lái có vững thuyền mới chạy.","(Giáo trình 2021, tr.124-126)"
ch4-b1/card/2,ch4-b1,"Đảng là đạo đức, là văn minh","""Đảng ta là đạo đức, là văn minh"" (năm 1960); bốn đức: cần, kiệm, liêm, chính, cùng chí công vô tư.","(Giáo trình 2021, tr.126-130)"
ch4-b1/card/3,ch4-b1,Nguyên tắc hoạt động của Đảng (1),"Bốn nguyên tắc đầu: nền tảng chủ nghĩa Mác - Lênin; tập trung dân chủ; tự phê bình và phê bình; kỷ luật nghiêm minh, tự giác.","(Giáo trình 2021, tr.130-132)"
ch4-b1/card/4,ch4-b1,Nguyên tắc hoạt động của Đảng (2),Bốn nguyên tắc sau: tự chỉnh đốn; đoàn kết thống nhất; liên hệ mật thiết với nhân dân; đoàn kết quốc tế.,"(Giáo trình 2021, tr.133-137)"
ch4-b1/card/5,ch4-b1,"Xây dựng đội ngũ cán bộ, đảng viên",Cán bộ là gốc của mọi công việc; địch bên trong đáng sợ hơn địch bên ngoài.,"(Giáo trình 2021, tr.137-141)"
ch4-b2/card/1,ch4-b2,Bản chất giai cấp của Nhà nước,"Nhà nước Việt Nam mới mang bản chất giai cấp công nhân, thống nhất với tính nhân dân và tính dân tộc.","(Giáo trình 2021, tr.142-145)"
ch4-b2/card/2,ch4-b2,Nhà nước của nhân dân,"Quyền lực nhà nước là ""thừa ủy quyền"" của nhân dân; cán bộ là công bộc của dân.","(Giáo trình 2021, tr.145-148)"
ch4-b2/card/3,ch4-b2,Nhà nước do nhân dân và vì nhân dân,"Nhà nước do dân: dân làm chủ, có quyền lợi và nghĩa vụ; nhà nước vì dân: được lòng dân, không đặc quyền đặc lợi.","(Giáo trình 2021, tr.148-150)"
ch4-b2/card/4,ch4-b2,Nhà nước pháp quyền,Tổng tuyển cử ngày 6/1/1946; Quốc hội khoá I họp ngày 2/3/1946.,"(Giáo trình 2021, tr.151-155)"
ch4-b2/card/5,ch4-b2,"Nhà nước trong sạch, vững mạnh: kiểm soát quyền lực","Kiểm soát quyền lực gồm kiểm soát của Đảng, kiểm soát bên trong Nhà nước và kiểm soát của nhân dân.","(Giáo trình 2021, tr.155-159)"
ch4-b2/card/6,ch4-b2,"Phòng, chống tiêu cực trong Nhà nước","Bệnh quan liêu là bệnh gốc sinh ra tham ô, lãng phí; ""bệnh mẹ"" là chủ nghĩa cá nhân.","(Giáo trình 2021, tr.159-162)"
ch4-b3/card/1,ch4-b3,"Xây dựng Đảng thật sự trong sạch, vững mạnh",Xây dựng Đảng: đường lối đúng; tổ chức thực hiện tốt; chỉnh đốn Đảng.,"(Giáo trình 2021, tr.162-164)"
ch4-b3/card/2,ch4-b3,Xây dựng Nhà nước,"Pháp luật vừa là công cụ để Nhà nước quản lý xã hội, vừa là công cụ để nhân dân làm chủ và kiểm soát quyền lực.","(Giáo trình 2021, tr.164-167)"
ch5-b1/card/1,ch5-b1,Vai trò của đại đoàn kết toàn dân tộc,"""Đoàn kết, đoàn kết, đại đoàn kết. Thành công, thành công, đại thành công.""","(Giáo trình 2021, tr.170-172)"
ch5-b1/card/2,ch5-b1,Lực lượng của khối đại đoàn kết toàn dân tộc,"Nền tảng của khối đại đoàn kết: công nhân, nông dân và trí thức; hạt nhân là đoàn kết thống nhất trong Đảng.","(Giáo trình 2021, tr.172-174)"
ch5-b1/card/3,ch5-b1,Điều kiện xây dựng khối đại đoàn kết toàn dân tộc,"Bốn điều kiện: lợi ích chung; truyền thống dân tộc; khoan dung, độ lượng; niềm tin vào nhân dân.","(Giáo trình 2021, tr.174-177)"
ch5-b1/card/4,ch5-b1,Mặt trận dân tộc thống nhất,"Ba nguyên tắc của Mặt trận: nền tảng liên minh công - nông - trí và sự lãnh đạo của Đảng; hiệp thương dân chủ; đoàn kết lâu dài, chân thành.","(Giáo trình 2021, tr.177-181)"
ch5-b1/card/5,ch5-b1,Phương thức xây dựng khối đại đoàn kết toàn dân tộc,Ba phương thức: làm tốt dân vận; thành lập đoàn thể quần chúng; tập hợp các đoàn thể trong mặt trận dân tộc thống nhất.,"(Giáo trình 2021, tr.181-184)"
ch5-b2/card/1,ch5-b2,Sự cần thiết phải đoàn kết quốc tế,Đoàn kết quốc tế kết hợp sức mạnh dân tộc với sức mạnh thời đại để tạo sức mạnh tổng hợp.,"(Giáo trình 2021, tr.184-188)"
ch5-b2/card/2,ch5-b2,Lực lượng đoàn kết quốc tế,"Ba lực lượng: phong trào cộng sản và công nhân quốc tế; phong trào giải phóng dân tộc; các lực lượng hòa bình, dân chủ, tiến bộ.","(Giáo trình 2021, tr.188-190)"
ch5-b2/card/3,ch5-b2,Hình thức tổ chức: bốn tầng mặt trận,Bốn tầng mặt trận: dân tộc; Việt Nam - Lào - Campuchia; nhân dân Á - Phi; nhân dân thế giới.,"(Giáo trình 2021, tr.190-193)"
ch5-b2/card/4,ch5-b2,Nguyên tắc đoàn kết quốc tế,"Hai nguyên tắc: đoàn kết trên cơ sở thống nhất mục tiêu và lợi ích, có lý, có tình; đoàn kết trên cơ sở độc lập, tự chủ.","(Giáo trình 2021, tr.193-197)"
ch5-b3/card/1,ch5-b3,Quán triệt trong đường lối của Đảng,"Đối ngoại: ""muốn là bạn"" (VII), ""sẵn sàng là bạn"" (VIII), ""là bạn và đối tác tin cậy"" (IX).","(Giáo trình 2021, tr.198-200)"
ch5-b3/card/2,ch5-b3,Xây dựng khối đại đoàn kết trên nền tảng liên minh công - nông - trí,Năm vấn đề cơ bản để tăng cường khối đại đoàn kết toàn dân tộc.,"(Giáo trình 2021, tr.201-202)"
ch5-b3/card/3,ch5-b3,Kết hợp đại đoàn kết toàn dân tộc với đoàn kết quốc tế,Bốn bài học: mục tiêu dân giàu nước mạnh; hội nhập là bạn của các nước; độc lập tự chủ; xây dựng Đảng làm hạt nhân đoàn kết.,"(Giáo trình 2021, tr.202-204)"
ch6-b1/card/1,ch6-b1,Nhà văn hóa kiệt xuất,"UNESCO (1987) ghi nhận Hồ Chí Minh là Anh hùng giải phóng dân tộc, Nhà văn hóa kiệt xuất Việt Nam.","(Giáo trình 2021, tr.206-207)"
ch6-b1/card/2,ch6-b1,Quan niệm của Hồ Chí Minh về văn hóa,"Bốn cách tiếp cận về văn hóa; quan niệm nghĩa rộng (8/1943) là duy nhất, sau Cách mạng Tháng Tám bàn theo nghĩa hẹp.","(Giáo trình 2021, tr.207-208)"
ch6-b1/card/3,ch6-b1,"Văn hóa với chính trị, kinh tế, xã hội","Văn hóa phải ở trong chính trị và trong kinh tế; giải phóng chính trị, xã hội mở đường giải phóng văn hóa.","(Giáo trình 2021, tr.208-209)"
ch6-b1/card/4,ch6-b1,"Giữ gìn bản sắc dân tộc, tiếp thu tinh hoa nhân loại","Giữ bản sắc dân tộc làm gốc, tiếp thu toàn diện tinh hoa nhân loại, tránh bắt chước.","(Giáo trình 2021, tr.210-212)"
ch6-b1/card/5,ch6-b1,Vai trò của văn hóa: mục tiêu và động lực,"Văn hóa vừa là mục tiêu (chân - thiện - mỹ, xã hội dân chủ, văn minh) vừa là động lực của cách mạng.","(Giáo trình 2021, tr.212-215)"
ch6-b1/card/6,ch6-b1,"Văn hóa là một mặt trận, phục vụ quần chúng","Văn hóa là một mặt trận; văn nghệ sĩ là chiến sĩ; văn hóa phải từ quần chúng ra, về sâu trong quần chúng.","(Giáo trình 2021, tr.215-217)"
ch6-b1/card/7,ch6-b1,Xây dựng nền văn hóa mới,Ba giai đoạn: năm nội dung (1943); dân tộc - khoa học - đại chúng; nội dung xã hội chủ nghĩa và tính chất dân tộc.,"(Giáo trình 2021, tr.217-218)"
ch6-b2/card/1,ch6-b2,Đạo đức là gốc của người cách mạng,"Đạo đức là gốc, là nền tảng của người cách mạng: như nguồn của sông, gốc của cây.","(Giáo trình 2021, tr.218-221)"
ch6-b2/card/2,ch6-b2,Đức và tài,"Đức và tài thống nhất; đức là gốc, thiếu đạo đức thì có tài cũng vô dụng.","(Giáo trình 2021, tr.221-223)"
ch6-b2/card/3,ch6-b2,"Trung với nước, hiếu với dân",Trung với nước phải gắn liền hiếu với dân; đảo ngược quan hệ quan - dân thành đầy tớ - nhân dân.,"(Giáo trình 2021, tr.223-225)"
ch6-b2/card/4,ch6-b2,"Cần, kiệm, liêm, chính, chí công vô tư","Cần - kiệm - liêm - chính là bốn đức cơ bản; chí công vô tư là sự tiếp nối, chống chủ nghĩa cá nhân.","(Giáo trình 2021, tr.225-229)"
ch6-b2/card/5,ch6-b2,Thương yêu con người và tinh thần quốc tế trong sáng,"Thương yêu con người, sống có tình có nghĩa; tinh thần quốc tế trong sáng: ""Bốn phương vô sản đều là anh em"".","(Giáo trình 2021, tr.229-232)"
ch6-b2/card/6,ch6-b2,Nói đi đôi với làm và nêu gương,Nói đi đôi với làm; đạo làm gương; nhân rộng người tốt việc tốt.,"(Giáo trình 2021, tr.232-235)"
ch6-b2/card/7,ch6-b2,"Xây đi đôi với chống, tu dưỡng suốt đời","Xây đi đôi với chống; tu dưỡng bền bỉ suốt đời, ngọc càng mài càng sáng, vàng càng luyện càng trong.","(Giáo trình 2021, tr.236-240)"
ch6-b3/card/1,ch6-b3,Quan niệm về con người,"Con người là chỉnh thể thống nhất, có tính tốt và xấu, là con người lịch sử - cụ thể.","(Giáo trình 2021, tr.241-242)"
ch6-b3/card/2,ch6-b3,Con người là mục tiêu của cách mạng,"Bốn giải phóng: dân tộc, xã hội, giai cấp, con người; giải phóng dân tộc mở đường cho các giải phóng còn lại.","(Giáo trình 2021, tr.242-244)"
ch6-b3/card/3,ch6-b3,Con người là động lực của cách mạng,"Nhân dân là người sáng tạo chân chính ra lịch sử, là gốc và động lực cách mạng.","(Giáo trình 2021, tr.244)"
ch6-b3/card/4,ch6-b3,Ý nghĩa của việc xây dựng con người,"Hai quan điểm: ""trồng người"" vì lợi ích trăm năm; muốn xây dựng CNXH trước hết cần có con người XHCN.","(Giáo trình 2021, tr.244-246)"
ch6-b3/card/5,ch6-b3,Nội dung và phương pháp xây dựng con người,"Con người vừa hồng vừa chuyên; phương pháp: tự tu dưỡng, nêu gương, giáo dục, phong trào quần chúng.","(Giáo trình 2021, tr.246-248)"
ch6-b4/card/1,ch6-b4,Thực trạng và yêu cầu,"Đại hội XIII: văn hóa chưa tương xứng với kinh tế, chính trị; suy thoái đạo đức, lối sống có chiều hướng gia tăng.","(Giáo trình 2021, tr.248-249)"
ch6-b4/card/2,ch6-b4,Quan điểm của Đảng về văn hóa,"Văn hóa là nền tảng tinh thần của xã hội, vừa là mục tiêu vừa là động lực phát triển.","(Giáo trình 2021, tr.249-252)"
ch6-b4/card/3,ch6-b4,Quan điểm của Đảng về con người và nhiệm vụ cụ thể,"Con người là trung tâm và chủ thể của chiến lược phát triển; Đại hội XII nêu tám nhiệm vụ về văn hóa, con người.","(Giáo trình 2021, tr.251-255)"
ch6-b4/card/4,ch6-b4,Học tập đạo đức Hồ Chí Minh: yêu cầu với sinh viên,"Học để làm gì? Học để phục vụ ai? Sinh viên cần có đức, có tài, vững niềm tin và lý tưởng.","(Giáo trình 2021, tr.255-259)"
ch6-b4/card/5,ch6-b4,Những nội dung học tập và làm theo,Năm nội dung học tập: trung - hiếu; cần kiệm liêm chính chí công vô tư; tin và phục vụ nhân dân; ý chí nghị lực; yêu nước gắn quốc tế.,"(Giáo trình 2021, tr.259-264)"
